屋号,住所,方書,エリア,業種,許可番号,初回許可日,許可開始日,判定,チェーン名,出典月,地図,検索
夢吟坊　下北沢店,東京都世田谷区北沢二丁目33番7号,芳澤ビル1F,北沢,飲食店営業,8世保生食ほ第495号,2026-07-31,2026-07-31,チェーン,夢吟坊,令和8年7月,https://www.google.com/maps/search/?api=1&query=%E5%A4%A2%E5%90%9F%E5%9D%8A%20%E4%B8%8B%E5%8C%97%E6%B2%A2%E5%BA%97%20%E6%9D%B1%E4%BA%AC%E9%83%BD%E4%B8%96%E7%94%B0%E8%B0%B7%E5%8C%BA%E5%8C%97%E6%B2%A2%E4%BA%8C%E4%B8%81%E7%9B%AE33%E7%95%AA7%E5%8F%B7,https://www.google.com/search?q=%E5%A4%A2%E5%90%9F%E5%9D%8A%20%E4%B8%8B%E5%8C%97%E6%B2%A2%E5%BA%97%20%E6%9D%B1%E4%BA%AC%E9%83%BD%E4%B8%96%E7%94%B0%E8%B0%B7%E5%8C%BA%E5%8C%97%E6%B2%A2%E4%BA%8C%E4%B8%81%E7%9B%AE33%E7%95%AA7%E5%8F%B7
ＯＣＨＥＲ,東京都世田谷区北沢二丁目23番2号,ポルテ下北沢2F,北沢,飲食店営業,7世保生食ほ第1933号,2026-07-17,2026-07-17,個店,,令和8年7月,https://www.google.com/maps/search/?api=1&query=OCHER%20%E6%9D%B1%E4%BA%AC%E9%83%BD%E4%B8%96%E7%94%B0%E8%B0%B7%E5%8C%BA%E5%8C%97%E6%B2%A2%E4%BA%8C%E4%B8%81%E7%9B%AE23%E7%95%AA2%E5%8F%B7,https://www.google.com/search?q=OCHER%20%E6%9D%B1%E4%BA%AC%E9%83%BD%E4%B8%96%E7%94%B0%E8%B0%B7%E5%8C%BA%E5%8C%97%E6%B2%A2%E4%BA%8C%E4%B8%81%E7%9B%AE23%E7%95%AA2%E5%8F%B7
ｃａｎｐｙ,東京都世田谷区北沢二丁目23番12号,Mビル1F,北沢,飲食店営業,8世保生食ほ第525号,2026-07-10,2026-07-10,個店,,令和8年7月,https://www.google.com/maps/search/?api=1&query=canpy%20%E6%9D%B1%E4%BA%AC%E9%83%BD%E4%B8%96%E7%94%B0%E8%B0%B7%E5%8C%BA%E5%8C%97%E6%B2%A2%E4%BA%8C%E4%B8%81%E7%9B%AE23%E7%95%AA12%E5%8F%B7,https://www.google.com/search?q=canpy%20%E6%9D%B1%E4%BA%AC%E9%83%BD%E4%B8%96%E7%94%B0%E8%B0%B7%E5%8C%BA%E5%8C%97%E6%B2%A2%E4%BA%8C%E4%B8%81%E7%9B%AE23%E7%95%AA12%E5%8F%B7
魚えもん下北沢店,東京都世田谷区北沢二丁目14番8号,ミナミビルB1F,北沢,飲食店営業,8世保生食ほ第475号,2026-07-10,2026-07-10,チェーン,魚えもん,令和8年7月,https://www.google.com/maps/search/?api=1&query=%E9%AD%9A%E3%81%88%E3%82%82%E3%82%93%E4%B8%8B%E5%8C%97%E6%B2%A2%E5%BA%97%20%E6%9D%B1%E4%BA%AC%E9%83%BD%E4%B8%96%E7%94%B0%E8%B0%B7%E5%8C%BA%E5%8C%97%E6%B2%A2%E4%BA%8C%E4%B8%81%E7%9B%AE14%E7%95%AA8%E5%8F%B7,https://www.google.com/search?q=%E9%AD%9A%E3%81%88%E3%82%82%E3%82%93%E4%B8%8B%E5%8C%97%E6%B2%A2%E5%BA%97%20%E6%9D%B1%E4%BA%AC%E9%83%BD%E4%B8%96%E7%94%B0%E8%B0%B7%E5%8C%BA%E5%8C%97%E6%B2%A2%E4%BA%8C%E4%B8%81%E7%9B%AE14%E7%95%AA8%E5%8F%B7
ｃａｆｅｇａｒａｇｅ　Ｄｏｇｂｅｒｒｙ,東京都世田谷区北沢二丁目29番16号,高木ビル1階,北沢,飲食店営業,8世保生食ほ第295号,2026-07-01,2026-07-01,更新,,令和8年7月,https://www.google.com/maps/search/?api=1&query=cafegarage%20Dogberry%20%E6%9D%B1%E4%BA%AC%E9%83%BD%E4%B8%96%E7%94%B0%E8%B0%B7%E5%8C%BA%E5%8C%97%E6%B2%A2%E4%BA%8C%E4%B8%81%E7%9B%AE29%E7%95%AA16%E5%8F%B7,https://www.google.com/search?q=cafegarage%20Dogberry%20%E6%9D%B1%E4%BA%AC%E9%83%BD%E4%B8%96%E7%94%B0%E8%B0%B7%E5%8C%BA%E5%8C%97%E6%B2%A2%E4%BA%8C%E4%B8%81%E7%9B%AE29%E7%95%AA16%E5%8F%B7
Ｌｅ　Ｇｒａｎｄ　ｃａｒｔ,東京都世田谷区北沢二丁目9番13号,岸田4号館A,北沢,飲食店営業,8世保生食ほ第434号,2026-07-01,2026-07-01,更新,,令和8年7月,https://www.google.com/maps/search/?api=1&query=Le%20Grand%20%EE%89%82cart%20%E6%9D%B1%E4%BA%AC%E9%83%BD%E4%B8%96%E7%94%B0%E8%B0%B7%E5%8C%BA%E5%8C%97%E6%B2%A2%E4%BA%8C%E4%B8%81%E7%9B%AE9%E7%95%AA13%E5%8F%B7,https://www.google.com/search?q=Le%20Grand%20%EE%89%82cart%20%E6%9D%B1%E4%BA%AC%E9%83%BD%E4%B8%96%E7%94%B0%E8%B0%B7%E5%8C%BA%E5%8C%97%E6%B2%A2%E4%BA%8C%E4%B8%81%E7%9B%AE9%E7%95%AA13%E5%8F%B7
Ｃａｔｅｒｉａｍ,東京都世田谷区北沢二丁目26番6号,モンブランビル 2F,北沢,飲食店営業,8世保生食ほ第402号,2026-07-01,2026-07-01,更新,,令和8年7月,https://www.google.com/maps/search/?api=1&query=Cateriam%20%E6%9D%B1%E4%BA%AC%E9%83%BD%E4%B8%96%E7%94%B0%E8%B0%B7%E5%8C%BA%E5%8C%97%E6%B2%A2%E4%BA%8C%E4%B8%81%E7%9B%AE26%E7%95%AA6%E5%8F%B7,https://www.google.com/search?q=Cateriam%20%E6%9D%B1%E4%BA%AC%E9%83%BD%E4%B8%96%E7%94%B0%E8%B0%B7%E5%8C%BA%E5%8C%97%E6%B2%A2%E4%BA%8C%E4%B8%81%E7%9B%AE26%E7%95%AA6%E5%8F%B7
星乃珈琲店　スフレ館　下北沢店,東京都世田谷区北沢二丁目12番12号,桑田ビルB1F,北沢,飲食店営業,8世保生食ほ第430号,2026-07-01,2026-07-01,更新,星乃珈琲店,令和8年7月,https://www.google.com/maps/search/?api=1&query=%E6%98%9F%E4%B9%83%E7%8F%88%E7%90%B2%E5%BA%97%20%E3%82%B9%E3%83%95%E3%83%AC%E9%A4%A8%20%E4%B8%8B%E5%8C%97%E6%B2%A2%E5%BA%97%20%E6%9D%B1%E4%BA%AC%E9%83%BD%E4%B8%96%E7%94%B0%E8%B0%B7%E5%8C%BA%E5%8C%97%E6%B2%A2%E4%BA%8C%E4%B8%81%E7%9B%AE12%E7%95%AA12%E5%8F%B7,https://www.google.com/search?q=%E6%98%9F%E4%B9%83%E7%8F%88%E7%90%B2%E5%BA%97%20%E3%82%B9%E3%83%95%E3%83%AC%E9%A4%A8%20%E4%B8%8B%E5%8C%97%E6%B2%A2%E5%BA%97%20%E6%9D%B1%E4%BA%AC%E9%83%BD%E4%B8%96%E7%94%B0%E8%B0%B7%E5%8C%BA%E5%8C%97%E6%B2%A2%E4%BA%8C%E4%B8%81%E7%9B%AE12%E7%95%AA12%E5%8F%B7
元気七輪焼肉　牛繁下北沢店,東京都世田谷区北沢二丁目34番10号,ミチルビル1,北沢,飲食店営業,8世保生食ほ第515号,2026-07-01,2026-07-01,更新,牛繁,令和8年7月,https://www.google.com/maps/search/?api=1&query=%E5%85%83%E6%B0%97%E4%B8%83%E8%BC%AA%E7%84%BC%E8%82%89%20%E7%89%9B%E7%B9%81%E4%B8%8B%E5%8C%97%E6%B2%A2%E5%BA%97%20%E6%9D%B1%E4%BA%AC%E9%83%BD%E4%B8%96%E7%94%B0%E8%B0%B7%E5%8C%BA%E5%8C%97%E6%B2%A2%E4%BA%8C%E4%B8%81%E7%9B%AE34%E7%95%AA10%E5%8F%B7,https://www.google.com/search?q=%E5%85%83%E6%B0%97%E4%B8%83%E8%BC%AA%E7%84%BC%E8%82%89%20%E7%89%9B%E7%B9%81%E4%B8%8B%E5%8C%97%E6%B2%A2%E5%BA%97%20%E6%9D%B1%E4%BA%AC%E9%83%BD%E4%B8%96%E7%94%B0%E8%B0%B7%E5%8C%BA%E5%8C%97%E6%B2%A2%E4%BA%8C%E4%B8%81%E7%9B%AE34%E7%95%AA10%E5%8F%B7
下北居酒屋　ひげちょうちん,東京都世田谷区北沢二丁目19番5号,大塚ビル1・2F,北沢,飲食店営業,8世保生食ほ第443号,2026-07-01,2026-07-01,更新,,令和8年7月,https://www.google.com/maps/search/?api=1&query=%E4%B8%8B%E5%8C%97%E5%B1%85%E9%85%92%E5%B1%8B%20%E3%81%B2%E3%81%92%E3%81%A1%E3%82%87%E3%81%86%E3%81%A1%E3%82%93%20%E6%9D%B1%E4%BA%AC%E9%83%BD%E4%B8%96%E7%94%B0%E8%B0%B7%E5%8C%BA%E5%8C%97%E6%B2%A2%E4%BA%8C%E4%B8%81%E7%9B%AE19%E7%95%AA5%E5%8F%B7,https://www.google.com/search?q=%E4%B8%8B%E5%8C%97%E5%B1%85%E9%85%92%E5%B1%8B%20%E3%81%B2%E3%81%92%E3%81%A1%E3%82%87%E3%81%86%E3%81%A1%E3%82%93%20%E6%9D%B1%E4%BA%AC%E9%83%BD%E4%B8%96%E7%94%B0%E8%B0%B7%E5%8C%BA%E5%8C%97%E6%B2%A2%E4%BA%8C%E4%B8%81%E7%9B%AE19%E7%95%AA5%E5%8F%B7
てるや,東京都世田谷区北沢二丁目1番8号,サンコービルB1F,北沢,飲食店営業,8世保生食ほ第333号,2026-07-01,2026-07-01,更新,,令和8年7月,https://www.google.com/maps/search/?api=1&query=%E3%81%A6%E3%82%8B%E3%82%84%20%E6%9D%B1%E4%BA%AC%E9%83%BD%E4%B8%96%E7%94%B0%E8%B0%B7%E5%8C%BA%E5%8C%97%E6%B2%A2%E4%BA%8C%E4%B8%81%E7%9B%AE1%E7%95%AA8%E5%8F%B7,https://www.google.com/search?q=%E3%81%A6%E3%82%8B%E3%82%84%20%E6%9D%B1%E4%BA%AC%E9%83%BD%E4%B8%96%E7%94%B0%E8%B0%B7%E5%8C%BA%E5%8C%97%E6%B2%A2%E4%BA%8C%E4%B8%81%E7%9B%AE1%E7%95%AA8%E5%8F%B7
おむかい,東京都世田谷区北沢二丁目9番22号,EIKO下北ビル1F,北沢,飲食店営業,8世保生食ほ第318号,2026-07-01,2026-07-01,更新,,令和8年7月,https://www.google.com/maps/search/?api=1&query=%E3%81%8A%E3%82%80%E3%81%8B%E3%81%84%20%E6%9D%B1%E4%BA%AC%E9%83%BD%E4%B8%96%E7%94%B0%E8%B0%B7%E5%8C%BA%E5%8C%97%E6%B2%A2%E4%BA%8C%E4%B8%81%E7%9B%AE9%E7%95%AA22%E5%8F%B7,https://www.google.com/search?q=%E3%81%8A%E3%82%80%E3%81%8B%E3%81%84%20%E6%9D%B1%E4%BA%AC%E9%83%BD%E4%B8%96%E7%94%B0%E8%B0%B7%E5%8C%BA%E5%8C%97%E6%B2%A2%E4%BA%8C%E4%B8%81%E7%9B%AE9%E7%95%AA22%E5%8F%B7
ｓａｎｓａｔｏ,東京都世田谷区代沢五丁目36番14号,sansato1F,代沢,飲食店営業,8世保生食ほ第439号,2026-06-30,2026-06-30,個店,,令和8年6月,https://www.google.com/maps/search/?api=1&query=sansato%20%E6%9D%B1%E4%BA%AC%E9%83%BD%E4%B8%96%E7%94%B0%E8%B0%B7%E5%8C%BA%E4%BB%A3%E6%B2%A2%E4%BA%94%E4%B8%81%E7%9B%AE36%E7%95%AA14%E5%8F%B7,https://www.google.com/search?q=sansato%20%E6%9D%B1%E4%BA%AC%E9%83%BD%E4%B8%96%E7%94%B0%E8%B0%B7%E5%8C%BA%E4%BB%A3%E6%B2%A2%E4%BA%94%E4%B8%81%E7%9B%AE36%E7%95%AA14%E5%8F%B7
ＹＡＴＥ,東京都世田谷区北沢二丁目12番3号,石川ビル301,北沢,飲食店営業,8世保生食ほ第394号,2026-06-25,2026-06-25,個店,,令和8年6月,https://www.google.com/maps/search/?api=1&query=YATE%20%E6%9D%B1%E4%BA%AC%E9%83%BD%E4%B8%96%E7%94%B0%E8%B0%B7%E5%8C%BA%E5%8C%97%E6%B2%A2%E4%BA%8C%E4%B8%81%E7%9B%AE12%E7%95%AA3%E5%8F%B7,https://www.google.com/search?q=YATE%20%E6%9D%B1%E4%BA%AC%E9%83%BD%E4%B8%96%E7%94%B0%E8%B0%B7%E5%8C%BA%E5%8C%97%E6%B2%A2%E4%BA%8C%E4%B8%81%E7%9B%AE12%E7%95%AA3%E5%8F%B7
ＦＥＮＤＥＲ　ＣＡＦＥ　ＳＨＩＭＯＫＩＴＡＺＡＷＡ,東京都世田谷区北沢一丁目40番11号,サニーハイマート下北沢103号,北沢,飲食店営業,8世保生食ほ第371号,2026-06-23,2026-06-23,個店,,令和8年6月,https://www.google.com/maps/search/?api=1&query=FENDER%20CAFE%20SHIMOKITAZAWA%20%E6%9D%B1%E4%BA%AC%E9%83%BD%E4%B8%96%E7%94%B0%E8%B0%B7%E5%8C%BA%E5%8C%97%E6%B2%A2%E4%B8%80%E4%B8%81%E7%9B%AE40%E7%95%AA11%E5%8F%B7,https://www.google.com/search?q=FENDER%20CAFE%20SHIMOKITAZAWA%20%E6%9D%B1%E4%BA%AC%E9%83%BD%E4%B8%96%E7%94%B0%E8%B0%B7%E5%8C%BA%E5%8C%97%E6%B2%A2%E4%B8%80%E4%B8%81%E7%9B%AE40%E7%95%AA11%E5%8F%B7
多田バー,東京都世田谷区北沢二丁目12番3号,石川ビル302,北沢,飲食店営業,8世保生食ほ第431号,2026-06-23,2026-06-23,個店,,令和8年6月,https://www.google.com/maps/search/?api=1&query=%E5%A4%9A%E7%94%B0%E3%83%90%E3%83%BC%20%E6%9D%B1%E4%BA%AC%E9%83%BD%E4%B8%96%E7%94%B0%E8%B0%B7%E5%8C%BA%E5%8C%97%E6%B2%A2%E4%BA%8C%E4%B8%81%E7%9B%AE12%E7%95%AA3%E5%8F%B7,https://www.google.com/search?q=%E5%A4%9A%E7%94%B0%E3%83%90%E3%83%BC%20%E6%9D%B1%E4%BA%AC%E9%83%BD%E4%B8%96%E7%94%B0%E8%B0%B7%E5%8C%BA%E5%8C%97%E6%B2%A2%E4%BA%8C%E4%B8%81%E7%9B%AE12%E7%95%AA3%E5%8F%B7
麺　かすみ,東京都世田谷区北沢二丁目10番20号,ミカン下北D202,北沢,飲食店営業,8世保生食ほ第355号,2026-06-08,2026-06-08,個店,,令和8年6月,https://www.google.com/maps/search/?api=1&query=%E9%BA%BA%20%E3%81%8B%E3%81%99%E3%81%BF%20%E6%9D%B1%E4%BA%AC%E9%83%BD%E4%B8%96%E7%94%B0%E8%B0%B7%E5%8C%BA%E5%8C%97%E6%B2%A2%E4%BA%8C%E4%B8%81%E7%9B%AE10%E7%95%AA20%E5%8F%B7,https://www.google.com/search?q=%E9%BA%BA%20%E3%81%8B%E3%81%99%E3%81%BF%20%E6%9D%B1%E4%BA%AC%E9%83%BD%E4%B8%96%E7%94%B0%E8%B0%B7%E5%8C%BA%E5%8C%97%E6%B2%A2%E4%BA%8C%E4%B8%81%E7%9B%AE10%E7%95%AA20%E5%8F%B7
ｉＳＤＧ麻辣燙　中華房　下北沢店,東京都世田谷区北沢二丁目34番3号,ミドキタ1B,北沢,飲食店営業,8世保生食ほ第374号,2026-06-05,2026-06-05,個店,,令和8年6月,https://www.google.com/maps/search/?api=1&query=iSDG%E9%BA%BB%E8%BE%A3%E7%87%99%20%E4%B8%AD%E8%8F%AF%E6%88%BF%20%E4%B8%8B%E5%8C%97%E6%B2%A2%E5%BA%97%20%E6%9D%B1%E4%BA%AC%E9%83%BD%E4%B8%96%E7%94%B0%E8%B0%B7%E5%8C%BA%E5%8C%97%E6%B2%A2%E4%BA%8C%E4%B8%81%E7%9B%AE34%E7%95%AA3%E5%8F%B7,https://www.google.com/search?q=iSDG%E9%BA%BB%E8%BE%A3%E7%87%99%20%E4%B8%AD%E8%8F%AF%E6%88%BF%20%E4%B8%8B%E5%8C%97%E6%B2%A2%E5%BA%97%20%E6%9D%B1%E4%BA%AC%E9%83%BD%E4%B8%96%E7%94%B0%E8%B0%B7%E5%8C%BA%E5%8C%97%E6%B2%A2%E4%BA%8C%E4%B8%81%E7%9B%AE34%E7%95%AA3%E5%8F%B7
Ｏ,東京都世田谷区代沢二丁目36番24号,みのりテラス1F店舗部分,代沢,飲食店営業,8世保生食ほ第375号,2026-06-05,2026-06-05,個店,,令和8年6月,https://www.google.com/maps/search/?api=1&query=O%20%E6%9D%B1%E4%BA%AC%E9%83%BD%E4%B8%96%E7%94%B0%E8%B0%B7%E5%8C%BA%E4%BB%A3%E6%B2%A2%E4%BA%8C%E4%B8%81%E7%9B%AE36%E7%95%AA24%E5%8F%B7,https://www.google.com/search?q=O%20%E6%9D%B1%E4%BA%AC%E9%83%BD%E4%B8%96%E7%94%B0%E8%B0%B7%E5%8C%BA%E4%BB%A3%E6%B2%A2%E4%BA%8C%E4%B8%81%E7%9B%AE36%E7%95%AA24%E5%8F%B7
金威となり,東京都世田谷区代沢三丁目14番3号,-,代沢,飲食店営業,8世保生食ほ第348号,2026-06-05,2026-06-05,個店,,令和8年6月,https://www.google.com/maps/search/?api=1&query=%E9%87%91%E5%A8%81%E3%81%A8%E3%81%AA%E3%82%8A%20%E6%9D%B1%E4%BA%AC%E9%83%BD%E4%B8%96%E7%94%B0%E8%B0%B7%E5%8C%BA%E4%BB%A3%E6%B2%A2%E4%B8%89%E4%B8%81%E7%9B%AE14%E7%95%AA3%E5%8F%B7,https://www.google.com/search?q=%E9%87%91%E5%A8%81%E3%81%A8%E3%81%AA%E3%82%8A%20%E6%9D%B1%E4%BA%AC%E9%83%BD%E4%B8%96%E7%94%B0%E8%B0%B7%E5%8C%BA%E4%BB%A3%E6%B2%A2%E4%B8%89%E4%B8%81%E7%9B%AE14%E7%95%AA3%E5%8F%B7
ＳＨＡＫＥ（シャケ）,東京都世田谷区北沢二丁目11番2号,パティオ下北沢3F,北沢,飲食店営業,8世保生食ほ第202号,2026-06-01,2026-06-01,更新,,令和8年6月,https://www.google.com/maps/search/?api=1&query=SHAKE%28%E3%82%B7%E3%83%A3%E3%82%B1%29%20%E6%9D%B1%E4%BA%AC%E9%83%BD%E4%B8%96%E7%94%B0%E8%B0%B7%E5%8C%BA%E5%8C%97%E6%B2%A2%E4%BA%8C%E4%B8%81%E7%9B%AE11%E7%95%AA2%E5%8F%B7,https://www.google.com/search?q=SHAKE%28%E3%82%B7%E3%83%A3%E3%82%B1%29%20%E6%9D%B1%E4%BA%AC%E9%83%BD%E4%B8%96%E7%94%B0%E8%B0%B7%E5%8C%BA%E5%8C%97%E6%B2%A2%E4%BA%8C%E4%B8%81%E7%9B%AE11%E7%95%AA2%E5%8F%B7
ＰＯＯＬ,東京都世田谷区北沢二丁目9番25号,城和ビル2F,北沢,飲食店営業,8世保生食ほ第324号,2026-06-01,2026-06-01,更新,,令和8年6月,https://www.google.com/maps/search/?api=1&query=POOL%20%E6%9D%B1%E4%BA%AC%E9%83%BD%E4%B8%96%E7%94%B0%E8%B0%B7%E5%8C%BA%E5%8C%97%E6%B2%A2%E4%BA%8C%E4%B8%81%E7%9B%AE9%E7%95%AA25%E5%8F%B7,https://www.google.com/search?q=POOL%20%E6%9D%B1%E4%BA%AC%E9%83%BD%E4%B8%96%E7%94%B0%E8%B0%B7%E5%8C%BA%E5%8C%97%E6%B2%A2%E4%BA%8C%E4%B8%81%E7%9B%AE9%E7%95%AA25%E5%8F%B7
湘南倶楽部,東京都世田谷区代田六丁目1番17号,-,代田,飲食店営業,8世保生食ほ第93号,2026-06-01,2026-06-01,更新,,令和8年6月,https://www.google.com/maps/search/?api=1&query=%E6%B9%98%E5%8D%97%E5%80%B6%E6%A5%BD%E9%83%A8%20%E6%9D%B1%E4%BA%AC%E9%83%BD%E4%B8%96%E7%94%B0%E8%B0%B7%E5%8C%BA%E4%BB%A3%E7%94%B0%E5%85%AD%E4%B8%81%E7%9B%AE1%E7%95%AA17%E5%8F%B7,https://www.google.com/search?q=%E6%B9%98%E5%8D%97%E5%80%B6%E6%A5%BD%E9%83%A8%20%E6%9D%B1%E4%BA%AC%E9%83%BD%E4%B8%96%E7%94%B0%E8%B0%B7%E5%8C%BA%E4%BB%A3%E7%94%B0%E5%85%AD%E4%B8%81%E7%9B%AE1%E7%95%AA17%E5%8F%B7
快活ＣＬＵＢ　下北沢店,東京都世田谷区北沢二丁目4番5号,mosia 5F,北沢,飲食店営業,8世保生食ほ第130号,2026-06-01,2026-06-01,更新,快活CLUB,令和8年6月,https://www.google.com/maps/search/?api=1&query=%E5%BF%AB%E6%B4%BBCLUB%20%E4%B8%8B%E5%8C%97%E6%B2%A2%E5%BA%97%20%E6%9D%B1%E4%BA%AC%E9%83%BD%E4%B8%96%E7%94%B0%E8%B0%B7%E5%8C%BA%E5%8C%97%E6%B2%A2%E4%BA%8C%E4%B8%81%E7%9B%AE4%E7%95%AA5%E5%8F%B7,https://www.google.com/search?q=%E5%BF%AB%E6%B4%BBCLUB%20%E4%B8%8B%E5%8C%97%E6%B2%A2%E5%BA%97%20%E6%9D%B1%E4%BA%AC%E9%83%BD%E4%B8%96%E7%94%B0%E8%B0%B7%E5%8C%BA%E5%8C%97%E6%B2%A2%E4%BA%8C%E4%B8%81%E7%9B%AE4%E7%95%AA5%E5%8F%B7
ラーメン二郎　環七新代田店,東京都世田谷区代田五丁目29番5号,桜井ビル101,代田,飲食店営業,8世保生食ほ第125号,2026-06-01,2026-06-01,更新,ラーメン二郎,令和8年6月,https://www.google.com/maps/search/?api=1&query=%E3%83%A9%E3%83%BC%E3%83%A1%E3%83%B3%E4%BA%8C%E9%83%8E%20%E7%92%B0%E4%B8%83%E6%96%B0%E4%BB%A3%E7%94%B0%E5%BA%97%20%E6%9D%B1%E4%BA%AC%E9%83%BD%E4%B8%96%E7%94%B0%E8%B0%B7%E5%8C%BA%E4%BB%A3%E7%94%B0%E4%BA%94%E4%B8%81%E7%9B%AE29%E7%95%AA5%E5%8F%B7,https://www.google.com/search?q=%E3%83%A9%E3%83%BC%E3%83%A1%E3%83%B3%E4%BA%8C%E9%83%8E%20%E7%92%B0%E4%B8%83%E6%96%B0%E4%BB%A3%E7%94%B0%E5%BA%97%20%E6%9D%B1%E4%BA%AC%E9%83%BD%E4%B8%96%E7%94%B0%E8%B0%B7%E5%8C%BA%E4%BB%A3%E7%94%B0%E4%BA%94%E4%B8%81%E7%9B%AE29%E7%95%AA5%E5%8F%B7
イル・トラメッツィーノ,東京都世田谷区北沢三丁目7番1号,宇治川ビル1階,北沢,飲食店営業,8世保生食ほ第237号,2026-06-01,2026-06-01,更新,,令和8年6月,https://www.google.com/maps/search/?api=1&query=%E3%82%A4%E3%83%AB%E3%83%BB%E3%83%88%E3%83%A9%E3%83%A1%E3%83%83%E3%83%84%E3%82%A3%E3%83%BC%E3%83%8E%20%E6%9D%B1%E4%BA%AC%E9%83%BD%E4%B8%96%E7%94%B0%E8%B0%B7%E5%8C%BA%E5%8C%97%E6%B2%A2%E4%B8%89%E4%B8%81%E7%9B%AE7%E7%95%AA1%E5%8F%B7,https://www.google.com/search?q=%E3%82%A4%E3%83%AB%E3%83%BB%E3%83%88%E3%83%A9%E3%83%A1%E3%83%83%E3%83%84%E3%82%A3%E3%83%BC%E3%83%8E%20%E6%9D%B1%E4%BA%AC%E9%83%BD%E4%B8%96%E7%94%B0%E8%B0%B7%E5%8C%BA%E5%8C%97%E6%B2%A2%E4%B8%89%E4%B8%81%E7%9B%AE7%E7%95%AA1%E5%8F%B7
もり蕎麦　太田,東京都世田谷区北沢二丁目39番13号,-,北沢,飲食店営業,8世保生食ほ第109号,2026-06-01,2026-06-01,更新,,令和8年6月,https://www.google.com/maps/search/?api=1&query=%E3%82%82%E3%82%8A%E8%95%8E%E9%BA%A6%20%E5%A4%AA%E7%94%B0%20%E6%9D%B1%E4%BA%AC%E9%83%BD%E4%B8%96%E7%94%B0%E8%B0%B7%E5%8C%BA%E5%8C%97%E6%B2%A2%E4%BA%8C%E4%B8%81%E7%9B%AE39%E7%95%AA13%E5%8F%B7,https://www.google.com/search?q=%E3%82%82%E3%82%8A%E8%95%8E%E9%BA%A6%20%E5%A4%AA%E7%94%B0%20%E6%9D%B1%E4%BA%AC%E9%83%BD%E4%B8%96%E7%94%B0%E8%B0%B7%E5%8C%BA%E5%8C%97%E6%B2%A2%E4%BA%8C%E4%B8%81%E7%9B%AE39%E7%95%AA13%E5%8F%B7
どてのざわざわ,東京都世田谷区北沢二丁目9番21号,1階2階,北沢,飲食店営業,8世保生食ほ第137号,2026-06-01,2026-06-01,更新,,令和8年6月,https://www.google.com/maps/search/?api=1&query=%E3%81%A9%E3%81%A6%E3%81%AE%E3%81%96%E3%82%8F%E3%81%96%E3%82%8F%20%E6%9D%B1%E4%BA%AC%E9%83%BD%E4%B8%96%E7%94%B0%E8%B0%B7%E5%8C%BA%E5%8C%97%E6%B2%A2%E4%BA%8C%E4%B8%81%E7%9B%AE9%E7%95%AA21%E5%8F%B7,https://www.google.com/search?q=%E3%81%A9%E3%81%A6%E3%81%AE%E3%81%96%E3%82%8F%E3%81%96%E3%82%8F%20%E6%9D%B1%E4%BA%AC%E9%83%BD%E4%B8%96%E7%94%B0%E8%B0%B7%E5%8C%BA%E5%8C%97%E6%B2%A2%E4%BA%8C%E4%B8%81%E7%9B%AE9%E7%95%AA21%E5%8F%B7
あさ家,東京都世田谷区代沢二丁目36番30号,-,代沢,飲食店営業,8世保生食ほ第274号,2026-06-01,2026-06-01,更新,,令和8年6月,https://www.google.com/maps/search/?api=1&query=%E3%81%82%E3%81%95%E5%AE%B6%20%E6%9D%B1%E4%BA%AC%E9%83%BD%E4%B8%96%E7%94%B0%E8%B0%B7%E5%8C%BA%E4%BB%A3%E6%B2%A2%E4%BA%8C%E4%B8%81%E7%9B%AE36%E7%95%AA30%E5%8F%B7,https://www.google.com/search?q=%E3%81%82%E3%81%95%E5%AE%B6%20%E6%9D%B1%E4%BA%AC%E9%83%BD%E4%B8%96%E7%94%B0%E8%B0%B7%E5%8C%BA%E4%BB%A3%E6%B2%A2%E4%BA%8C%E4%B8%81%E7%9B%AE36%E7%95%AA30%E5%8F%B7
てっちょこ,東京都世田谷区北沢三丁目2番10号,B1,北沢,そうざい製造業,8世保生食ほ第282号,2026-05-27,2026-05-27,個店,,令和8年5月,https://www.google.com/maps/search/?api=1&query=%E6%9D%B1%E4%BA%AC%E9%83%BD%E4%B8%96%E7%94%B0%E8%B0%B7%E5%8C%BA%E5%8C%97%E6%B2%A2%E4%B8%89%E4%B8%81%E7%9B%AE2%E7%95%AA10%E5%8F%B7,https://www.google.com/search?q=%E3%81%A6%E3%81%A3%E3%81%A1%E3%82%87%E3%81%93%20%E6%9D%B1%E4%BA%AC%E9%83%BD%E4%B8%96%E7%94%B0%E8%B0%B7%E5%8C%BA%E5%8C%97%E6%B2%A2%E4%B8%89%E4%B8%81%E7%9B%AE2%E7%95%AA10%E5%8F%B7
ｒｅｌｏａｄ　ＰＯＰＵＰ　ＳＰＡＣＥ　２－３,東京都世田谷区北沢三丁目19番20号,reload2-3区画,北沢,飲食店営業,8世保生食ほ第251号,2026-05-26,2026-05-26,個店,,令和8年5月,https://www.google.com/maps/search/?api=1&query=%E6%9D%B1%E4%BA%AC%E9%83%BD%E4%B8%96%E7%94%B0%E8%B0%B7%E5%8C%BA%E5%8C%97%E6%B2%A2%E4%B8%89%E4%B8%81%E7%9B%AE19%E7%95%AA20%E5%8F%B7,https://www.google.com/search?q=%EF%BD%92%EF%BD%85%EF%BD%8C%EF%BD%8F%EF%BD%81%EF%BD%84%E3%80%80%EF%BC%B0%EF%BC%AF%EF%BC%B0%EF%BC%B5%EF%BC%B0%E3%80%80%EF%BC%B3%EF%BC%B0%EF%BC%A1%EF%BC%A3%EF%BC%A5%E3%80%80%EF%BC%92%EF%BC%8D%EF%BC%93%20%E6%9D%B1%E4%BA%AC%E9%83%BD%E4%B8%96%E7%94%B0%E8%B0%B7%E5%8C%BA%E5%8C%97%E6%B2%A2%E4%B8%89%E4%B8%81%E7%9B%AE19%E7%95%AA20%E5%8F%B7
ｒｅｌｏａｄ　ＰＯＰＵＰ　ＳＰＡＣＥ　１－７,東京都世田谷区北沢三丁目19番20号,reload1-7区画,北沢,漬物製造業,8世保生食ほ第393号,2026-06-03,2026-06-03,個店,,令和8年6月,https://www.google.com/maps/search/?api=1&query=reload%20POPUP%20SPACE%201-7%20%E6%9D%B1%E4%BA%AC%E9%83%BD%E4%B8%96%E7%94%B0%E8%B0%B7%E5%8C%BA%E5%8C%97%E6%B2%A2%E4%B8%89%E4%B8%81%E7%9B%AE19%E7%95%AA20%E5%8F%B7,https://www.google.com/search?q=reload%20POPUP%20SPACE%201-7%20%E6%9D%B1%E4%BA%AC%E9%83%BD%E4%B8%96%E7%94%B0%E8%B0%B7%E5%8C%BA%E5%8C%97%E6%B2%A2%E4%B8%89%E4%B8%81%E7%9B%AE19%E7%95%AA20%E5%8F%B7
ＴｅＮＭｉ,東京都世田谷区代沢五丁目32番7号,小林ビル2階,代沢,飲食店営業,8世保生食ほ第321号,2026-05-25,2026-05-25,個店,,令和8年5月,https://www.google.com/maps/search/?api=1&query=%E6%9D%B1%E4%BA%AC%E9%83%BD%E4%B8%96%E7%94%B0%E8%B0%B7%E5%8C%BA%E4%BB%A3%E6%B2%A2%E4%BA%94%E4%B8%81%E7%9B%AE32%E7%95%AA7%E5%8F%B7,https://www.google.com/search?q=%EF%BC%B4%EF%BD%85%EF%BC%AE%EF%BC%AD%EF%BD%89%20%E6%9D%B1%E4%BA%AC%E9%83%BD%E4%B8%96%E7%94%B0%E8%B0%B7%E5%8C%BA%E4%BB%A3%E6%B2%A2%E4%BA%94%E4%B8%81%E7%9B%AE32%E7%95%AA7%E5%8F%B7
元祖肉油堂　ＵＭＡＭＩ,東京都世田谷区北沢二丁目29番16号,マガザン下北沢B1,北沢,飲食店営業,8世保生食ほ第268号,2026-05-25,2026-05-25,個店,,令和8年5月,https://www.google.com/maps/search/?api=1&query=%E6%9D%B1%E4%BA%AC%E9%83%BD%E4%B8%96%E7%94%B0%E8%B0%B7%E5%8C%BA%E5%8C%97%E6%B2%A2%E4%BA%8C%E4%B8%81%E7%9B%AE29%E7%95%AA16%E5%8F%B7,https://www.google.com/search?q=%E5%85%83%E7%A5%96%E8%82%89%E6%B2%B9%E5%A0%82%E3%80%80%EF%BC%B5%EF%BC%AD%EF%BC%A1%EF%BC%AD%EF%BC%A9%20%E6%9D%B1%E4%BA%AC%E9%83%BD%E4%B8%96%E7%94%B0%E8%B0%B7%E5%8C%BA%E5%8C%97%E6%B2%A2%E4%BA%8C%E4%B8%81%E7%9B%AE29%E7%95%AA16%E5%8F%B7
ＡＤＤＡ,東京都世田谷区代田二丁目36番14号,ボーナストラックsoho4,代田,飲食店営業,8世保生食ほ第272号,2026-05-21,2026-05-21,個店,,令和8年5月,https://www.google.com/maps/search/?api=1&query=%E6%9D%B1%E4%BA%AC%E9%83%BD%E4%B8%96%E7%94%B0%E8%B0%B7%E5%8C%BA%E4%BB%A3%E7%94%B0%E4%BA%8C%E4%B8%81%E7%9B%AE36%E7%95%AA14%E5%8F%B7,https://www.google.com/search?q=%EF%BC%A1%EF%BC%A4%EF%BC%A4%EF%BC%A1%20%E6%9D%B1%E4%BA%AC%E9%83%BD%E4%B8%96%E7%94%B0%E8%B0%B7%E5%8C%BA%E4%BB%A3%E7%94%B0%E4%BA%8C%E4%B8%81%E7%9B%AE36%E7%95%AA14%E5%8F%B7
ストーリーのある本屋,東京都世田谷区代田五丁目10番11号,-,代田,飲食店営業,8世保生食ほ第242号,2026-05-13,2026-05-13,個店,,令和8年5月,https://www.google.com/maps/search/?api=1&query=%E6%9D%B1%E4%BA%AC%E9%83%BD%E4%B8%96%E7%94%B0%E8%B0%B7%E5%8C%BA%E4%BB%A3%E7%94%B0%E4%BA%94%E4%B8%81%E7%9B%AE10%E7%95%AA11%E5%8F%B7,https://www.google.com/search?q=%E3%82%B9%E3%83%88%E3%83%BC%E3%83%AA%E3%83%BC%E3%81%AE%E3%81%82%E3%82%8B%E6%9C%AC%E5%B1%8B%20%E6%9D%B1%E4%BA%AC%E9%83%BD%E4%B8%96%E7%94%B0%E8%B0%B7%E5%8C%BA%E4%BB%A3%E7%94%B0%E4%BA%94%E4%B8%81%E7%9B%AE10%E7%95%AA11%E5%8F%B7
ｓｎａｃｋ　Ｕｍｉ,東京都世田谷区北沢三丁目25番1号,MTビル4F,北沢,飲食店営業,8世保生食ほ第122号,2026-05-11,2026-05-11,個店,,令和8年5月,https://www.google.com/maps/search/?api=1&query=%E6%9D%B1%E4%BA%AC%E9%83%BD%E4%B8%96%E7%94%B0%E8%B0%B7%E5%8C%BA%E5%8C%97%E6%B2%A2%E4%B8%89%E4%B8%81%E7%9B%AE25%E7%95%AA1%E5%8F%B7,https://www.google.com/search?q=%EF%BD%93%EF%BD%8E%EF%BD%81%EF%BD%83%EF%BD%8B%E3%80%80%EF%BC%B5%EF%BD%8D%EF%BD%89%20%E6%9D%B1%E4%BA%AC%E9%83%BD%E4%B8%96%E7%94%B0%E8%B0%B7%E5%8C%BA%E5%8C%97%E6%B2%A2%E4%B8%89%E4%B8%81%E7%9B%AE25%E7%95%AA1%E5%8F%B7
ｃｏｅｎ　ｃａｆｅ月日／ｃｏｅｎ　ｂａｒえん川,東京都世田谷区代田六丁目6番1号,TOKYUREIT下北沢スクエア4階,代田,飲食店営業,8世保生食ほ第200号,2026-05-08,2026-05-08,個店,,令和8年5月,https://www.google.com/maps/search/?api=1&query=%E6%9D%B1%E4%BA%AC%E9%83%BD%E4%B8%96%E7%94%B0%E8%B0%B7%E5%8C%BA%E4%BB%A3%E7%94%B0%E5%85%AD%E4%B8%81%E7%9B%AE6%E7%95%AA1%E5%8F%B7,https://www.google.com/search?q=%EF%BD%83%EF%BD%8F%EF%BD%85%EF%BD%8E%E3%80%80%EF%BD%83%EF%BD%81%EF%BD%86%EF%BD%85%E6%9C%88%E6%97%A5%EF%BC%8F%EF%BD%83%EF%BD%8F%EF%BD%85%EF%BD%8E%E3%80%80%EF%BD%82%EF%BD%81%EF%BD%92%E3%81%88%E3%82%93%E5%B7%9D%20%E6%9D%B1%E4%BA%AC%E9%83%BD%E4%B8%96%E7%94%B0%E8%B0%B7%E5%8C%BA%E4%BB%A3%E7%94%B0%E5%85%AD%E4%B8%81%E7%9B%AE6%E7%95%AA1%E5%8F%B7
Ｎｅｖｅｒ　Ｎｅｖｅｒ　Ｌａｎｄ,東京都世田谷区北沢三丁目19番3号,岩野ハイツ2F,北沢,飲食店営業,8世保生食ほ第115号,2026-05-01,2026-05-01,更新,,令和8年5月,https://www.google.com/maps/search/?api=1&query=%E6%9D%B1%E4%BA%AC%E9%83%BD%E4%B8%96%E7%94%B0%E8%B0%B7%E5%8C%BA%E5%8C%97%E6%B2%A2%E4%B8%89%E4%B8%81%E7%9B%AE19%E7%95%AA3%E5%8F%B7,https://www.google.com/search?q=%EF%BC%AE%EF%BD%85%EF%BD%96%EF%BD%85%EF%BD%92%E3%80%80%EF%BC%AE%EF%BD%85%EF%BD%96%EF%BD%85%EF%BD%92%E3%80%80%EF%BC%AC%EF%BD%81%EF%BD%8E%EF%BD%84%20%E6%9D%B1%E4%BA%AC%E9%83%BD%E4%B8%96%E7%94%B0%E8%B0%B7%E5%8C%BA%E5%8C%97%E6%B2%A2%E4%B8%89%E4%B8%81%E7%9B%AE19%E7%95%AA3%E5%8F%B7
ＬＩＶＥ　ＨＡＵＳ,東京都世田谷区北沢二丁目14番2号,Jow3ビルB1,北沢,飲食店営業,8世保生食ほ第58号,2026-05-01,2026-05-01,更新,,令和8年5月,https://www.google.com/maps/search/?api=1&query=%E6%9D%B1%E4%BA%AC%E9%83%BD%E4%B8%96%E7%94%B0%E8%B0%B7%E5%8C%BA%E5%8C%97%E6%B2%A2%E4%BA%8C%E4%B8%81%E7%9B%AE14%E7%95%AA2%E5%8F%B7,https://www.google.com/search?q=%EF%BC%AC%EF%BC%A9%EF%BC%B6%EF%BC%A5%E3%80%80%EF%BC%A8%EF%BC%A1%EF%BC%B5%EF%BC%B3%20%E6%9D%B1%E4%BA%AC%E9%83%BD%E4%B8%96%E7%94%B0%E8%B0%B7%E5%8C%BA%E5%8C%97%E6%B2%A2%E4%BA%8C%E4%B8%81%E7%9B%AE14%E7%95%AA2%E5%8F%B7
ＨＯＬＬＹ,東京都世田谷区北沢二丁目33番8号,第2片柳ビル1F,北沢,飲食店営業,8世保生食ほ第21号,2026-05-01,2026-05-01,更新,,令和8年5月,https://www.google.com/maps/search/?api=1&query=%E6%9D%B1%E4%BA%AC%E9%83%BD%E4%B8%96%E7%94%B0%E8%B0%B7%E5%8C%BA%E5%8C%97%E6%B2%A2%E4%BA%8C%E4%B8%81%E7%9B%AE33%E7%95%AA8%E5%8F%B7,https://www.google.com/search?q=%EF%BC%A8%EF%BC%AF%EF%BC%AC%EF%BC%AC%EF%BC%B9%20%E6%9D%B1%E4%BA%AC%E9%83%BD%E4%B8%96%E7%94%B0%E8%B0%B7%E5%8C%BA%E5%8C%97%E6%B2%A2%E4%BA%8C%E4%B8%81%E7%9B%AE33%E7%95%AA8%E5%8F%B7
Ｂａｒｒａｃｋ　Ｂｌｏｃｋ　Ｃａｆｅ,東京都世田谷区北沢二丁目19番15号,平和ビル4F,北沢,飲食店営業,7世保生食ほ第1972号,2026-05-01,2026-05-01,更新,,令和8年5月,https://www.google.com/maps/search/?api=1&query=%E6%9D%B1%E4%BA%AC%E9%83%BD%E4%B8%96%E7%94%B0%E8%B0%B7%E5%8C%BA%E5%8C%97%E6%B2%A2%E4%BA%8C%E4%B8%81%E7%9B%AE19%E7%95%AA15%E5%8F%B7,https://www.google.com/search?q=%EF%BC%A2%EF%BD%81%EF%BD%92%EF%BD%92%EF%BD%81%EF%BD%83%EF%BD%8B%E3%80%80%EF%BC%A2%EF%BD%8C%EF%BD%8F%EF%BD%83%EF%BD%8B%E3%80%80%EF%BC%A3%EF%BD%81%EF%BD%86%EF%BD%85%20%E6%9D%B1%E4%BA%AC%E9%83%BD%E4%B8%96%E7%94%B0%E8%B0%B7%E5%8C%BA%E5%8C%97%E6%B2%A2%E4%BA%8C%E4%B8%81%E7%9B%AE19%E7%95%AA15%E5%8F%B7
Ｂａｒ　ｌｏａｄｅｄ,東京都世田谷区北沢二丁目40番15号,芦田ビル1F,北沢,飲食店営業,8世保生食ほ第26号,2026-05-01,2026-05-01,更新,,令和8年5月,https://www.google.com/maps/search/?api=1&query=%E6%9D%B1%E4%BA%AC%E9%83%BD%E4%B8%96%E7%94%B0%E8%B0%B7%E5%8C%BA%E5%8C%97%E6%B2%A2%E4%BA%8C%E4%B8%81%E7%9B%AE40%E7%95%AA15%E5%8F%B7,https://www.google.com/search?q=%EF%BC%A2%EF%BD%81%EF%BD%92%E3%80%80%EF%BD%8C%EF%BD%8F%EF%BD%81%EF%BD%84%EF%BD%85%EF%BD%84%20%E6%9D%B1%E4%BA%AC%E9%83%BD%E4%B8%96%E7%94%B0%E8%B0%B7%E5%8C%BA%E5%8C%97%E6%B2%A2%E4%BA%8C%E4%B8%81%E7%9B%AE40%E7%95%AA15%E5%8F%B7
ＢＯＯＫＥＮＤＳ,東京都世田谷区北沢二丁目11番17号,佐藤店舗1階,北沢,飲食店営業,8世保生食ほ第69号,2026-05-01,2026-05-01,更新,,令和8年5月,https://www.google.com/maps/search/?api=1&query=%E6%9D%B1%E4%BA%AC%E9%83%BD%E4%B8%96%E7%94%B0%E8%B0%B7%E5%8C%BA%E5%8C%97%E6%B2%A2%E4%BA%8C%E4%B8%81%E7%9B%AE11%E7%95%AA17%E5%8F%B7,https://www.google.com/search?q=%EF%BC%A2%EF%BC%AF%EF%BC%AF%EF%BC%AB%EF%BC%A5%EF%BC%AE%EF%BC%A4%EF%BC%B3%20%E6%9D%B1%E4%BA%AC%E9%83%BD%E4%B8%96%E7%94%B0%E8%B0%B7%E5%8C%BA%E5%8C%97%E6%B2%A2%E4%BA%8C%E4%B8%81%E7%9B%AE11%E7%95%AA17%E5%8F%B7
黒川食堂,東京都世田谷区北沢二丁目14番6号,イエローボックス2F,北沢,飲食店営業,8世保生食ほ第174号,2026-05-01,2026-05-01,更新,,令和8年5月,https://www.google.com/maps/search/?api=1&query=%E6%9D%B1%E4%BA%AC%E9%83%BD%E4%B8%96%E7%94%B0%E8%B0%B7%E5%8C%BA%E5%8C%97%E6%B2%A2%E4%BA%8C%E4%B8%81%E7%9B%AE14%E7%95%AA6%E5%8F%B7,https://www.google.com/search?q=%E9%BB%92%E5%B7%9D%E9%A3%9F%E5%A0%82%20%E6%9D%B1%E4%BA%AC%E9%83%BD%E4%B8%96%E7%94%B0%E8%B0%B7%E5%8C%BA%E5%8C%97%E6%B2%A2%E4%BA%8C%E4%B8%81%E7%9B%AE14%E7%95%AA6%E5%8F%B7
織部　下北沢店,東京都世田谷区北沢二丁目2番3号,1F,北沢,飲食店営業,7世保生食ほ第1920号,2026-05-01,2026-05-01,更新,,令和8年5月,https://www.google.com/maps/search/?api=1&query=%E6%9D%B1%E4%BA%AC%E9%83%BD%E4%B8%96%E7%94%B0%E8%B0%B7%E5%8C%BA%E5%8C%97%E6%B2%A2%E4%BA%8C%E4%B8%81%E7%9B%AE2%E7%95%AA3%E5%8F%B7,https://www.google.com/search?q=%E7%B9%94%E9%83%A8%E3%80%80%E4%B8%8B%E5%8C%97%E6%B2%A2%E5%BA%97%20%E6%9D%B1%E4%BA%AC%E9%83%BD%E4%B8%96%E7%94%B0%E8%B0%B7%E5%8C%BA%E5%8C%97%E6%B2%A2%E4%BA%8C%E4%B8%81%E7%9B%AE2%E7%95%AA3%E5%8F%B7
尚点,東京都世田谷区代田六丁目3番26号,-,代田,飲食店営業,7世保生食ほ第1844号,2026-05-01,2026-05-01,更新,,令和8年5月,https://www.google.com/maps/search/?api=1&query=%E6%9D%B1%E4%BA%AC%E9%83%BD%E4%B8%96%E7%94%B0%E8%B0%B7%E5%8C%BA%E4%BB%A3%E7%94%B0%E5%85%AD%E4%B8%81%E7%9B%AE3%E7%95%AA26%E5%8F%B7,https://www.google.com/search?q=%E5%B0%9A%E7%82%B9%20%E6%9D%B1%E4%BA%AC%E9%83%BD%E4%B8%96%E7%94%B0%E8%B0%B7%E5%8C%BA%E4%BB%A3%E7%94%B0%E5%85%AD%E4%B8%81%E7%9B%AE3%E7%95%AA26%E5%8F%B7
喜家・手作り惣菜・弁当,東京都世田谷区北沢一丁目33番15号,-,北沢,飲食店営業,8世保生食ほ第23号,2026-05-01,2026-05-01,更新,,令和8年5月,https://www.google.com/maps/search/?api=1&query=%E6%9D%B1%E4%BA%AC%E9%83%BD%E4%B8%96%E7%94%B0%E8%B0%B7%E5%8C%BA%E5%8C%97%E6%B2%A2%E4%B8%80%E4%B8%81%E7%9B%AE33%E7%95%AA15%E5%8F%B7,https://www.google.com/search?q=%E5%96%9C%E5%AE%B6%E3%83%BB%E6%89%8B%E4%BD%9C%E3%82%8A%E6%83%A3%E8%8F%9C%E3%83%BB%E5%BC%81%E5%BD%93%20%E6%9D%B1%E4%BA%AC%E9%83%BD%E4%B8%96%E7%94%B0%E8%B0%B7%E5%8C%BA%E5%8C%97%E6%B2%A2%E4%B8%80%E4%B8%81%E7%9B%AE33%E7%95%AA15%E5%8F%B7
佐助,東京都世田谷区北沢二丁目27番10号,クルス下北沢ビル1階,北沢,水産製品製造業,8世保生食ほ第178号,2026-05-01,2026-05-01,更新,,令和8年5月,https://www.google.com/maps/search/?api=1&query=%E6%9D%B1%E4%BA%AC%E9%83%BD%E4%B8%96%E7%94%B0%E8%B0%B7%E5%8C%BA%E5%8C%97%E6%B2%A2%E4%BA%8C%E4%B8%81%E7%9B%AE27%E7%95%AA10%E5%8F%B7,https://www.google.com/search?q=%E4%BD%90%E5%8A%A9%20%E6%9D%B1%E4%BA%AC%E9%83%BD%E4%B8%96%E7%94%B0%E8%B0%B7%E5%8C%BA%E5%8C%97%E6%B2%A2%E4%BA%8C%E4%B8%81%E7%9B%AE27%E7%95%AA10%E5%8F%B7
ヴィレッジヴァンガード　ダイナー下北沢店,東京都世田谷区代田六丁目3番1号,リバブル下北沢B1F,代田,飲食店営業,8世保生食ほ第82号,2026-05-01,2026-05-01,更新,ヴィレッジヴァンガード,令和8年5月,https://www.google.com/maps/search/?api=1&query=%E6%9D%B1%E4%BA%AC%E9%83%BD%E4%B8%96%E7%94%B0%E8%B0%B7%E5%8C%BA%E4%BB%A3%E7%94%B0%E5%85%AD%E4%B8%81%E7%9B%AE3%E7%95%AA1%E5%8F%B7,https://www.google.com/search?q=%E3%83%B4%E3%82%A3%E3%83%AC%E3%83%83%E3%82%B8%E3%83%B4%E3%82%A1%E3%83%B3%E3%82%AC%E3%83%BC%E3%83%89%E3%80%80%E3%83%80%E3%82%A4%E3%83%8A%E3%83%BC%E4%B8%8B%E5%8C%97%E6%B2%A2%E5%BA%97%20%E6%9D%B1%E4%BA%AC%E9%83%BD%E4%B8%96%E7%94%B0%E8%B0%B7%E5%8C%BA%E4%BB%A3%E7%94%B0%E5%85%AD%E4%B8%81%E7%9B%AE3%E7%95%AA1%E5%8F%B7
チャッチャ亭　下北沢店,東京都世田谷区北沢二丁目14番3号,喜多ビル1階,北沢,飲食店営業,8世保生食ほ第159号,2026-05-01,2026-05-01,更新,,令和8年5月,https://www.google.com/maps/search/?api=1&query=%E6%9D%B1%E4%BA%AC%E9%83%BD%E4%B8%96%E7%94%B0%E8%B0%B7%E5%8C%BA%E5%8C%97%E6%B2%A2%E4%BA%8C%E4%B8%81%E7%9B%AE14%E7%95%AA3%E5%8F%B7,https://www.google.com/search?q=%E3%83%81%E3%83%A3%E3%83%83%E3%83%81%E3%83%A3%E4%BA%AD%E3%80%80%E4%B8%8B%E5%8C%97%E6%B2%A2%E5%BA%97%20%E6%9D%B1%E4%BA%AC%E9%83%BD%E4%B8%96%E7%94%B0%E8%B0%B7%E5%8C%BA%E5%8C%97%E6%B2%A2%E4%BA%8C%E4%B8%81%E7%9B%AE14%E7%95%AA3%E5%8F%B7
キッチン　たくあん,東京都世田谷区代沢五丁目30番3号,川上ビル101,代沢,飲食店営業,8世保生食ほ第8号,2026-05-01,2026-05-01,更新,,令和8年5月,https://www.google.com/maps/search/?api=1&query=%E6%9D%B1%E4%BA%AC%E9%83%BD%E4%B8%96%E7%94%B0%E8%B0%B7%E5%8C%BA%E4%BB%A3%E6%B2%A2%E4%BA%94%E4%B8%81%E7%9B%AE30%E7%95%AA3%E5%8F%B7,https://www.google.com/search?q=%E3%82%AD%E3%83%83%E3%83%81%E3%83%B3%E3%80%80%E3%81%9F%E3%81%8F%E3%81%82%E3%82%93%20%E6%9D%B1%E4%BA%AC%E9%83%BD%E4%B8%96%E7%94%B0%E8%B0%B7%E5%8C%BA%E4%BB%A3%E6%B2%A2%E4%BA%94%E4%B8%81%E7%9B%AE30%E7%95%AA3%E5%8F%B7
りえ,東京都世田谷区北沢一丁目45番15号,すずなり横丁,北沢,飲食店営業,8世保生食ほ第41号,2026-05-01,2026-05-01,更新,,令和8年5月,https://www.google.com/maps/search/?api=1&query=%E6%9D%B1%E4%BA%AC%E9%83%BD%E4%B8%96%E7%94%B0%E8%B0%B7%E5%8C%BA%E5%8C%97%E6%B2%A2%E4%B8%80%E4%B8%81%E7%9B%AE45%E7%95%AA15%E5%8F%B7,https://www.google.com/search?q=%E3%82%8A%E3%81%88%20%E6%9D%B1%E4%BA%AC%E9%83%BD%E4%B8%96%E7%94%B0%E8%B0%B7%E5%8C%BA%E5%8C%97%E6%B2%A2%E4%B8%80%E4%B8%81%E7%9B%AE45%E7%95%AA15%E5%8F%B7
